flight_id,flight_no,scheduled_departure,actual_departure,flight_time,departure_city,arrival_city,distance,model,sold_seat_eco,sold_seat_bus,total_amount
41246,PG0251,2017-01-31T15:05:00Z,2017-01-31T15:08:00Z,0 years 0 mons 0 days 1 hours 40 mins 0.00 secs,Moscow,Anapa,1219.0571128161514,Boeing 737-300,102,11,1654200.00
41250,PG0251,2017-02-05T15:05:00Z,2017-02-05T15:13:00Z,0 years 0 mons 0 days 1 hours 43 mins 0.00 secs,Moscow,Anapa,1219.0571128161514,Boeing 737-300,105,10,1654200.00
41253,PG0251,2017-02-01T15:05:00Z,2017-02-01T15:09:00Z,0 years 0 mons 0 days 1 hours 40 mins 0.00 secs,Moscow,Anapa,1219.0571128161514,Boeing 737-300,103,12,1703000.00
41258,PG0251,2017-02-04T15:05:00Z,2017-02-04T15:12:00Z,0 years 0 mons 0 days 1 hours 40 mins 0.00 secs,Moscow,Anapa,1219.0571128161514,Boeing 737-300,97,10,1555400.00
41259,PG0251,2017-02-03T15:05:00Z,2017-02-03T15:09:00Z,0 years 0 mons 0 days 1 hours 40 mins 0.00 secs,Moscow,Anapa,1219.0571128161514,Boeing 737-300,102,10,1617600.00
41260,PG0251,2017-02-02T15:05:00Z,2017-02-02T18:02:00Z,0 years 0 mons 0 days 1 hours 39 mins 0.00 secs,Moscow,Anapa,1219.0571128161514,Boeing 737-300,104,9,1604200.00
41429,PG0251,2017-01-01T15:05:00Z,2017-01-01T15:08:00Z,0 years 0 mons 0 days 1 hours 38 mins 0.00 secs,Moscow,Anapa,1219.0571128161514,Boeing 737-300,108,12,1764000.00
41438,PG0251,2017-01-02T15:05:00Z,2017-01-02T17:53:00Z,0 years 0 mons 0 days 1 hours 39 mins 0.00 secs,Moscow,Anapa,1219.0571128161514,Boeing 737-300,97,10,1555400.00
41443,PG0251,2017-01-03T15:05:00Z,2017-01-03T15:08:00Z,0 years 0 mons 0 days 1 hours 41 mins 0.00 secs,Moscow,Anapa,1219.0571128161514,Boeing 737-300,113,11,1788400.00
41455,PG0251,2017-01-04T15:05:00Z,2017-01-04T15:09:00Z,0 years 0 mons 0 days 1 hours 40 mins 0.00 secs,Moscow,Anapa,1219.0571128161514,Boeing 737-300,94,10,1517600.00
41460,PG0251,2017-01-05T15:05:00Z,2017-01-05T15:10:00Z,0 years 0 mons 0 days 1 hours 39 mins 0.00 secs,Moscow,Anapa,1219.0571128161514,Boeing 737-300,112,12,1811600.00
41466,PG0251,2017-01-06T15:05:00Z,2017-01-06T15:08:00Z,0 years 0 mons 0 days 1 hours 39 mins 0.00 secs,Moscow,Anapa,1219.0571128161514,Boeing 737-300,106,9,1628600.00
41474,PG0251,2017-01-07T15:05:00Z,2017-01-07T17:55:00Z,0 years 0 mons 0 days 1 hours 40 mins 0.00 secs,Moscow,Anapa,1219.0571128161514,Boeing 737-300,103,11,1666400.00
41479,PG0251,2017-01-08T15:05:00Z,2017-01-08T15:09:00Z,0 years 0 mons 0 days 1 hours 40 mins 0.00 secs,Moscow,Anapa,1219.0571128161514,Boeing 737-300,107,9,1642000.00
41486,PG0251,2017-01-09T15:05:00Z,2017-01-09T15:06:00Z,0 years 0 mons 0 days 1 hours 41 mins 0.00 secs,Moscow,Anapa,1219.0571128161514,Boeing 737-300,99,10,1581000.00
41492,PG0251,2017-01-10T15:05:00Z,2017-01-10T15:13:00Z,0 years 0 mons 0 days 1 hours 40 mins 0.00 secs,Moscow,Anapa,1219.0571128161514,Boeing 737-300,108,12,1764000.00
41493,PG0251,2017-02-28T15:05:00Z,2017-02-28T15:08:00Z,0 years 0 mons 0 days 1 hours 41 mins 0.00 secs,Moscow,Anapa,1219.0571128161514,Boeing 737-300,93,9,1468800.00
41499,PG0251,2017-02-27T15:05:00Z,2017-02-27T15:13:00Z,0 years 0 mons 0 days 1 hours 39 mins 0.00 secs,Moscow,Anapa,1219.0571128161514,Boeing 737-300,106,11,1703000.00
41500,PG0251,2017-01-11T15:05:00Z,2017-01-11T15:10:00Z,0 years 0 mons 0 days 1 hours 40 mins 0.00 secs,Moscow,Anapa,1219.0571128161514,Boeing 737-300,98,10,1567600.00
41507,PG0251,2017-01-12T15:05:00Z,2017-01-12T15:08:00Z,0 years 0 mons 0 days 1 hours 40 mins 0.00 secs,Moscow,Anapa,1219.0571128161514,Boeing 737-300,104,9,1604200.00
41508,PG0251,2017-02-26T15:05:00Z,2017-02-26T15:07:00Z,0 years 0 mons 0 days 1 hours 41 mins 0.00 secs,Moscow,Anapa,1219.0571128161514,Boeing 737-300,99,12,1653000.00
41512,PG0251,2017-02-25T15:05:00Z,2017-02-25T15:07:00Z,0 years 0 mons 0 days 1 hours 40 mins 0.00 secs,Moscow,Anapa,1219.0571128161514,Boeing 737-300,104,11,1677400.00
41516,PG0251,2017-01-13T15:05:00Z,2017-01-13T15:08:00Z,0 years 0 mons 0 days 1 hours 39 mins 0.00 secs,Moscow,Anapa,1219.0571128161514,Boeing 737-300,100,10,1592000.00
41521,PG0251,2017-01-14T15:05:00Z,2017-01-14T15:07:00Z,0 years 0 mons 0 days 1 hours 40 mins 0.00 secs,Moscow,Anapa,1219.0571128161514,Boeing 737-300,110,10,1715200.00
41522,PG0251,2017-02-24T15:05:00Z,2017-02-24T15:06:00Z,0 years 0 mons 0 days 1 hours 41 mins 0.00 secs,Moscow,Anapa,1219.0571128161514,Boeing 737-300,106,12,1739600.00
41526,PG0251,2017-02-23T15:05:00Z,2017-02-23T15:09:00Z,0 years 0 mons 0 days 1 hours 40 mins 0.00 secs,Moscow,Anapa,1219.0571128161514,Boeing 737-300,112,11,1775000.00
41528,PG0251,2017-01-15T15:05:00Z,2017-01-15T15:09:00Z,0 years 0 mons 0 days 1 hours 40 mins 0.00 secs,Moscow,Anapa,1219.0571128161514,Boeing 737-300,109,10,1703000.00
41535,PG0251,2017-01-16T15:05:00Z,2017-01-16T15:07:00Z,0 years 0 mons 0 days 1 hours 40 mins 0.00 secs,Moscow,Anapa,1219.0571128161514,Boeing 737-300,114,12,1837200.00
41538,PG0251,2017-02-22T15:05:00Z,2017-02-22T15:09:00Z,0 years 0 mons 0 days 1 hours 41 mins 0.00 secs,Moscow,Anapa,1219.0571128161514,Boeing 737-300,108,12,1762800.00
41542,PG0251,2017-02-21T15:05:00Z,2017-02-21T15:10:00Z,0 years 0 mons 0 days 1 hours 40 mins 0.00 secs,Moscow,Anapa,1219.0571128161514,Boeing 737-300,111,11,1764000.00
41543,PG0251,2017-01-17T15:05:00Z,2017-01-17T15:10:00Z,0 years 0 mons 0 days 1 hours 42 mins 0.00 secs,Moscow,Anapa,1219.0571128161514,Boeing 737-300,96,9,1507800.00
41549,PG0251,2017-02-20T15:05:00Z,2017-02-20T15:07:00Z,0 years 0 mons 0 days 1 hours 38 mins 0.00 secs,Moscow,Anapa,1219.0571128161514,Boeing 737-300,96,10,1540800.00
41552,PG0251,2017-01-18T15:05:00Z,2017-01-18T15:06:00Z,0 years 0 mons 0 days 1 hours 40 mins 0.00 secs,Moscow,Anapa,1219.0571128161514,Boeing 737-300,117,12,1873800.00
41556,PG0251,2017-02-19T15:05:00Z,2017-02-19T15:09:00Z,0 years 0 mons 0 days 1 hours 41 mins 0.00 secs,Moscow,Anapa,1219.0571128161514,Boeing 737-300,110,12,1786000.00
41559,PG0251,2017-01-19T15:05:00Z,2017-01-19T15:12:00Z,0 years 0 mons 0 days 1 hours 41 mins 0.00 secs,Moscow,Anapa,1219.0571128161514,Boeing 737-300,102,10,1616400.00
41561,PG0251,2017-02-18T15:05:00Z,2017-02-18T15:07:00Z,0 years 0 mons 0 days 1 hours 40 mins 0.00 secs,Moscow,Anapa,1219.0571128161514,Boeing 737-300,103,12,1701800.00
41565,PG0251,2017-01-20T15:05:00Z,2017-01-20T15:12:00Z,0 years 0 mons 0 days 1 hours 41 mins 0.00 secs,Moscow,Anapa,1219.0571128161514,Boeing 737-300,101,11,1642000.00
41571,PG0251,2017-02-17T15:05:00Z,2017-02-17T15:08:00Z,0 years 0 mons 0 days 1 hours 41 mins 0.00 secs,Moscow,Anapa,1219.0571128161514,Boeing 737-300,99,10,1581000.00
41572,PG0251,2017-01-21T15:05:00Z,2017-01-21T15:08:00Z,0 years 0 mons 0 days 1 hours 40 mins 0.00 secs,Moscow,Anapa,1219.0571128161514,Boeing 737-300,97,11,1592000.00
41575,PG0251,2017-02-16T15:05:00Z,2017-02-16T15:07:00Z,0 years 0 mons 0 days 1 hours 38 mins 0.00 secs,Moscow,Anapa,1219.0571128161514,Boeing 737-300,105,12,1726200.00
41580,PG0251,2017-01-22T15:05:00Z,2017-01-22T15:07:00Z,0 years 0 mons 0 days 1 hours 39 mins 0.00 secs,Moscow,Anapa,1219.0571128161514,Boeing 737-300,118,12,1886000.00
41582,PG0251,2017-02-15T15:05:00Z,2017-02-15T15:09:00Z,0 years 0 mons 0 days 1 hours 40 mins 0.00 secs,Moscow,Anapa,1219.0571128161514,Boeing 737-300,112,12,1811600.00
41585,PG0251,2017-01-23T15:05:00Z,2017-01-23T15:06:00Z,0 years 0 mons 0 days 1 hours 40 mins 0.00 secs,Moscow,Anapa,1219.0571128161514,Boeing 737-300,107,10,1678600.00
41590,PG0251,2017-02-14T15:05:00Z,2017-02-14T15:11:00Z,0 years 0 mons 0 days 1 hours 40 mins 0.00 secs,Moscow,Anapa,1219.0571128161514,Boeing 737-300,96,10,1542000.00
41592,PG0251,2017-02-13T15:05:00Z,2017-02-13T15:11:00Z,0 years 0 mons 0 days 1 hours 43 mins 0.00 secs,Moscow,Anapa,1219.0571128161514,Boeing 737-300,107,8,1604200.00
41594,PG0251,2017-01-24T15:05:00Z,2017-01-24T15:08:00Z,0 years 0 mons 0 days 1 hours 41 mins 0.00 secs,Moscow,Anapa,1219.0571128161514,Boeing 737-300,107,10,1677400.00
41598,PG0251,2017-02-12T15:05:00Z,2017-02-12T15:07:00Z,0 years 0 mons 0 days 1 hours 41 mins 0.00 secs,Moscow,Anapa,1219.0571128161514,Boeing 737-300,108,11,1727400.00
41601,PG0251,2017-01-25T15:05:00Z,2017-01-25T15:11:00Z,0 years 0 mons 0 days 1 hours 40 mins 0.00 secs,Moscow,Anapa,1219.0571128161514,Boeing 737-300,116,12,1861600.00
41603,PG0251,2017-02-11T15:05:00Z,2017-02-11T15:07:00Z,0 years 0 mons 0 days 1 hours 38 mins 0.00 secs,Moscow,Anapa,1219.0571128161514,Boeing 737-300,105,9,1617600.00
41605,PG0251,2017-01-26T15:05:00Z,2017-01-26T15:06:00Z,0 years 0 mons 0 days 1 hours 40 mins 0.00 secs,Moscow,Anapa,1219.0571128161514,Boeing 737-300,111,11,1762800.00
41613,PG0251,2017-02-10T15:05:00Z,2017-02-10T15:05:00Z,0 years 0 mons 0 days 1 hours 42 mins 0.00 secs,Moscow,Anapa,1219.0571128161514,Boeing 737-300,106,10,1666400.00
41615,PG0251,2017-01-27T15:05:00Z,2017-01-27T15:12:00Z,0 years 0 mons 0 days 1 hours 41 mins 0.00 secs,Moscow,Anapa,1219.0571128161514,Boeing 737-300,102,11,1653000.00
41619,PG0251,2017-02-09T15:05:00Z,2017-02-09T15:07:00Z,0 years 0 mons 0 days 1 hours 40 mins 0.00 secs,Moscow,Anapa,1219.0571128161514,Boeing 737-300,114,11,1800600.00
41623,PG0251,2017-01-28T15:05:00Z,2017-01-28T15:06:00Z,0 years 0 mons 0 days 1 hours 41 mins 0.00 secs,Moscow,Anapa,1219.0571128161514,Boeing 737-300,100,9,1556600.00
41626,PG0251,2017-02-08T15:05:00Z,2017-02-08T15:13:00Z,0 years 0 mons 0 days 1 hours 39 mins 0.00 secs,Moscow,Anapa,1219.0571128161514,Boeing 737-300,104,12,1712800.00
41628,PG0251,2017-01-29T15:05:00Z,2017-01-29T15:09:00Z,0 years 0 mons 0 days 1 hours 41 mins 0.00 secs,Moscow,Anapa,1219.0571128161514,Boeing 737-300,115,11,1812800.00
41633,PG0251,2017-02-07T15:05:00Z,2017-02-07T15:12:00Z,0 years 0 mons 0 days 1 hours 39 mins 0.00 secs,Moscow,Anapa,1219.0571128161514,Boeing 737-300,109,12,1775000.00
41634,PG0251,2017-01-30T15:05:00Z,2017-01-30T15:09:00Z,0 years 0 mons 0 days 1 hours 39 mins 0.00 secs,Moscow,Anapa,1219.0571128161514,Boeing 737-300,103,12,1700600.00
41636,PG0251,2017-02-06T15:05:00Z,2017-02-06T15:07:00Z,0 years 0 mons 0 days 1 hours 40 mins 0.00 secs,Moscow,Anapa,1219.0571128161514,Boeing 737-300,105,11,1689600.00
136119,PG0252,2017-01-03T10:05:00Z,2017-01-03T10:08:00Z,0 years 0 mons 0 days 1 hours 41 mins 0.00 secs,Anapa,Moscow,1219.0595327625406,Boeing 737-300,102,11,1653000.00
136120,PG0252,2017-02-24T10:05:00Z,2017-02-24T10:07:00Z,0 years 0 mons 0 days 1 hours 39 mins 0.00 secs,Anapa,Moscow,1219.0595327625406,Boeing 737-300,98,11,1605400.00
136122,PG0252,2017-01-08T10:05:00Z,2017-01-08T10:08:00Z,0 years 0 mons 0 days 1 hours 40 mins 0.00 secs,Anapa,Moscow,1219.0595327625406,Boeing 737-300,87,10,1431000.00
136130,PG0252,2017-02-13T10:05:00Z,2017-02-13T10:07:00Z,0 years 0 mons 0 days 1 hours 39 mins 0.00 secs,Anapa,Moscow,1219.0595327625406,Boeing 737-300,97,10,1556600.00
136131,PG0252,2017-01-28T10:05:00Z,2017-01-28T10:07:00Z,0 years 0 mons 0 days 1 hours 39 mins 0.00 secs,Anapa,Moscow,1219.0595327625406,Boeing 737-300,112,12,1812800.00
136132,PG0252,2017-02-15T10:05:00Z,2017-02-15T10:09:00Z,0 years 0 mons 0 days 1 hours 39 mins 0.00 secs,Anapa,Moscow,1219.0595327625406,Boeing 737-300,104,12,1714000.00
136135,PG0252,2017-02-01T10:05:00Z,2017-02-01T10:08:00Z,0 years 0 mons 0 days 1 hours 40 mins 0.00 secs,Anapa,Moscow,1219.0595327625406,Boeing 737-300,104,11,1678600.00
136146,PG0252,2017-02-09T10:05:00Z,2017-02-09T10:08:00Z,0 years 0 mons 0 days 1 hours 40 mins 0.00 secs,Anapa,Moscow,1219.0595327625406,Boeing 737-300,98,11,1604200.00
136159,PG0252,2017-01-04T10:05:00Z,2017-01-04T10:07:00Z,0 years 0 mons 0 days 1 hours 38 mins 0.00 secs,Anapa,Moscow,1219.0595327625406,Boeing 737-300,103,12,1700600.00
136164,PG0252,2017-01-07T10:05:00Z,2017-01-07T10:07:00Z,0 years 0 mons 0 days 1 hours 39 mins 0.00 secs,Anapa,Moscow,1219.0595327625406,Boeing 737-300,109,11,1738400.00
136165,PG0252,2017-02-22T10:05:00Z,2017-02-22T10:11:00Z,0 years 0 mons 0 days 1 hours 41 mins 0.00 secs,Anapa,Moscow,1219.0595327625406,Boeing 737-300,101,9,1567600.00
136172,PG0252,2017-01-15T10:05:00Z,2017-01-15T10:05:00Z,0 years 0 mons 0 days 1 hours 39 mins 0.00 secs,Anapa,Moscow,1219.0595327625406,Boeing 737-300,99,11,1617600.00
136178,PG0252,2017-01-29T10:05:00Z,2017-01-29T10:10:00Z,0 years 0 mons 0 days 1 hours 39 mins 0.00 secs,Anapa,Moscow,1219.0595327625406,Boeing 737-300,90,9,1434600.00
136181,PG0252,2017-01-31T10:05:00Z,2017-01-31T10:05:00Z,0 years 0 mons 0 days 1 hours 39 mins 0.00 secs,Anapa,Moscow,1219.0595327625406,Boeing 737-300,108,10,1689600.00
136185,PG0252,2017-01-14T10:05:00Z,2017-01-14T10:06:00Z,0 years 0 mons 0 days 1 hours 43 mins 0.00 secs,Anapa,Moscow,1219.0595327625406,Boeing 737-300,94,10,1520000.00
136202,PG0252,2017-01-05T10:05:00Z,2017-01-05T10:07:00Z,0 years 0 mons 0 days 1 hours 42 mins 0.00 secs,Anapa,Moscow,1219.0595327625406,Boeing 737-300,89,11,1495600.00
136204,PG0252,2017-02-23T10:05:00Z,2017-02-23T10:06:00Z,0 years 0 mons 0 days 1 hours 40 mins 0.00 secs,Anapa,Moscow,1219.0595327625406,Boeing 737-300,101,6,1457800.00
136209,PG0252,2017-01-06T10:05:00Z,2017-01-06T10:09:00Z,0 years 0 mons 0 days 1 hours 40 mins 0.00 secs,Anapa,Moscow,1219.0595327625406,Boeing 737-300,102,10,1615200.00
136215,PG0252,2017-02-28T10:05:00Z,2017-02-28T10:09:00Z,0 years 0 mons 0 days 1 hours 40 mins 0.00 secs,Anapa,Moscow,1219.0595327625406,Boeing 737-300,103,11,1664000.00
136226,PG0252,2017-01-30T10:05:00Z,2017-01-30T10:08:00Z,0 years 0 mons 0 days 1 hours 40 mins 0.00 secs,Anapa,Moscow,1219.0595327625406,Boeing 737-300,118,12,1886000.00
136249,PG0252,2017-02-14T10:05:00Z,2017-02-14T10:08:00Z,0 years 0 mons 0 days 1 hours 38 mins 0.00 secs,Anapa,Moscow,1219.0595327625406,Boeing 737-300,111,12,1800600.00
136250,PG0252,2017-02-08T10:05:00Z,2017-02-08T10:06:00Z,0 years 0 mons 0 days 1 hours 41 mins 0.00 secs,Anapa,Moscow,1219.0595327625406,Boeing 737-300,91,8,1407800.00
136264,PG0252,2017-02-18T10:05:00Z,2017-02-18T10:07:00Z,0 years 0 mons 0 days 1 hours 40 mins 0.00 secs,Anapa,Moscow,1219.0595327625406,Boeing 737-300,105,11,1690800.00
136266,PG0252,2017-02-27T10:05:00Z,2017-02-27T10:08:00Z,0 years 0 mons 0 days 1 hours 40 mins 0.00 secs,Anapa,Moscow,1219.0595327625406,Boeing 737-300,98,10,1566400.00
136268,PG0252,2017-02-16T10:05:00Z,2017-02-16T10:08:00Z,0 years 0 mons 0 days 1 hours 41 mins 0.00 secs,Anapa,Moscow,1219.0595327625406,Boeing 737-300,104,11,1676200.00
136269,PG0252,2017-02-11T10:05:00Z,2017-02-11T10:13:00Z,0 years 0 mons 0 days 1 hours 40 mins 0.00 secs,Anapa,Moscow,1219.0595327625406,Boeing 737-300,98,11,1605400.00
136270,PG0252,2017-02-12T10:05:00Z,2017-02-12T10:12:00Z,0 years 0 mons 0 days 1 hours 39 mins 0.00 secs,Anapa,Moscow,1219.0595327625406,Boeing 737-300,100,11,1628600.00
136275,PG0252,2017-01-13T10:05:00Z,2017-01-13T10:08:00Z,0 years 0 mons 0 days 1 hours 38 mins 0.00 secs,Anapa,Moscow,1219.0595327625406,Boeing 737-300,113,12,1825000.00
136282,PG0252,2017-01-16T10:05:00Z,2017-01-16T10:07:00Z,0 years 0 mons 0 days 1 hours 41 mins 0.00 secs,Anapa,Moscow,1219.0595327625406,Boeing 737-300,97,9,1518800.00
136284,PG0252,2017-02-07T10:05:00Z,2017-02-07T10:07:00Z,0 years 0 mons 0 days 1 hours 41 mins 0.00 secs,Anapa,Moscow,1219.0595327625406,Boeing 737-300,107,10,1677400.00
136293,PG0252,2017-01-23T10:05:00Z,2017-01-23T10:09:00Z,0 years 0 mons 0 days 1 hours 39 mins 0.00 secs,Anapa,Moscow,1219.0595327625406,Boeing 737-300,102,12,1689600.00
136310,PG0252,2017-01-22T10:05:00Z,2017-01-22T10:07:00Z,0 years 0 mons 0 days 1 hours 40 mins 0.00 secs,Anapa,Moscow,1219.0595327625406,Boeing 737-300,108,9,1654200.00
136316,PG0252,2017-01-12T10:05:00Z,2017-01-12T10:07:00Z,0 years 0 mons 0 days 1 hours 40 mins 0.00 secs,Anapa,Moscow,1219.0595327625406,Boeing 737-300,118,12,1886000.00
136320,PG0252,2017-02-19T10:05:00Z,2017-02-19T10:05:00Z,0 years 0 mons 0 days 1 hours 40 mins 0.00 secs,Anapa,Moscow,1219.0595327625406,Boeing 737-300,96,10,1544400.00
136322,PG0252,2017-02-06T10:05:00Z,2017-02-06T10:11:00Z,0 years 0 mons 0 days 1 hours 41 mins 0.00 secs,Anapa,Moscow,1219.0595327625406,Boeing 737-300,98,10,1567600.00
136345,PG0252,2017-01-24T10:05:00Z,2017-01-24T13:32:00Z,0 years 0 mons 0 days 1 hours 40 mins 0.00 secs,Anapa,Moscow,1219.0595327625406,Boeing 737-300,100,8,1517600.00
136348,PG0252,2017-02-10T10:05:00Z,2017-02-10T10:05:00Z,0 years 0 mons 0 days 1 hours 40 mins 0.00 secs,Anapa,Moscow,1219.0595327625406,Boeing 737-300,108,12,1762800.00
136351,PG0252,2017-02-26T10:05:00Z,2017-02-26T10:13:00Z,0 years 0 mons 0 days 1 hours 40 mins 0.00 secs,Anapa,Moscow,1219.0595327625406,Boeing 737-300,94,11,1555400.00
136360,PG0252,2017-02-05T10:05:00Z,2017-02-05T10:08:00Z,0 years 0 mons 0 days 1 hours 40 mins 0.00 secs,Anapa,Moscow,1219.0595327625406,Boeing 737-300,86,11,1455400.00
136366,PG0252,2017-01-11T10:05:00Z,2017-01-11T10:08:00Z,0 years 0 mons 0 days 1 hours 39 mins 0.00 secs,Anapa,Moscow,1219.0595327625406,Boeing 737-300,92,11,1527400.00
136383,PG0252,2017-01-25T10:05:00Z,2017-01-25T10:09:00Z,0 years 0 mons 0 days 1 hours 42 mins 0.00 secs,Anapa,Moscow,1219.0595327625406,Boeing 737-300,98,8,1493200.00
136387,PG0252,2017-01-19T10:05:00Z,2017-01-19T10:08:00Z,0 years 0 mons 0 days 1 hours 39 mins 0.00 secs,Anapa,Moscow,1219.0595327625406,Boeing 737-300,109,12,1775000.00
136389,PG0252,2017-01-18T10:05:00Z,2017-01-18T10:10:00Z,0 years 0 mons 0 days 1 hours 40 mins 0.00 secs,Anapa,Moscow,1219.0595327625406,Boeing 737-300,117,12,1873800.00
136403,PG0252,2017-02-20T10:05:00Z,2017-02-20T10:06:00Z,0 years 0 mons 0 days 1 hours 40 mins 0.00 secs,Anapa,Moscow,1219.0595327625406,Boeing 737-300,117,12,1873800.00
136411,PG0252,2017-02-04T10:05:00Z,2017-02-04T10:06:00Z,0 years 0 mons 0 days 1 hours 40 mins 0.00 secs,Anapa,Moscow,1219.0595327625406,Boeing 737-300,100,10,1590800.00
136420,PG0252,2017-01-01T10:05:00Z,2017-01-01T10:09:00Z,0 years 0 mons 0 days 1 hours 38 mins 0.00 secs,Anapa,Moscow,1219.0595327625406,Boeing 737-300,93,11,1542000.00
136423,PG0252,2017-01-10T10:05:00Z,2017-01-10T10:12:00Z,0 years 0 mons 0 days 1 hours 40 mins 0.00 secs,Anapa,Moscow,1219.0595327625406,Boeing 737-300,118,11,1849400.00
136428,PG0252,2017-01-21T10:05:00Z,2017-01-21T10:08:00Z,0 years 0 mons 0 days 1 hours 39 mins 0.00 secs,Anapa,Moscow,1219.0595327625406,Boeing 737-300,104,11,1678600.00
136436,PG0252,2017-01-26T10:05:00Z,2017-01-26T10:08:00Z,0 years 0 mons 0 days 1 hours 39 mins 0.00 secs,Anapa,Moscow,1219.0595327625406,Boeing 737-300,112,12,1811600.00
136439,PG0252,2017-02-25T10:05:00Z,2017-02-25T10:08:00Z,0 years 0 mons 0 days 1 hours 40 mins 0.00 secs,Anapa,Moscow,1219.0595327625406,Boeing 737-300,106,11,1701800.00
136441,PG0252,2017-02-03T10:05:00Z,2017-02-03T10:07:00Z,0 years 0 mons 0 days 1 hours 40 mins 0.00 secs,Anapa,Moscow,1219.0595327625406,Boeing 737-300,117,11,1837200.00
136452,PG0252,2017-02-17T10:05:00Z,2017-02-17T10:08:00Z,0 years 0 mons 0 days 1 hours 40 mins 0.00 secs,Anapa,Moscow,1219.0595327625406,Boeing 737-300,98,11,1603000.00
136458,PG0252,2017-01-02T10:05:00Z,2017-01-02T10:07:00Z,0 years 0 mons 0 days 1 hours 39 mins 0.00 secs,Anapa,Moscow,1219.0595327625406,Boeing 737-300,101,9,1568800.00
136463,PG0252,2017-01-20T10:05:00Z,2017-01-20T10:06:00Z,0 years 0 mons 0 days 1 hours 39 mins 0.00 secs,Anapa,Moscow,1219.0595327625406,Boeing 737-300,110,12,1788400.00
136464,PG0252,2017-01-09T10:05:00Z,2017-01-09T10:07:00Z,0 years 0 mons 0 days 1 hours 40 mins 0.00 secs,Anapa,Moscow,1219.0595327625406,Boeing 737-300,93,7,1398000.00
136471,PG0252,2017-01-17T10:05:00Z,2017-01-17T10:11:00Z,0 years 0 mons 0 days 1 hours 40 mins 0.00 secs,Anapa,Moscow,1219.0595327625406,Boeing 737-300,108,12,1762800.00
136479,PG0252,2017-02-21T10:05:00Z,2017-02-21T10:08:00Z,0 years 0 mons 0 days 1 hours 39 mins 0.00 secs,Anapa,Moscow,1219.0595327625406,Boeing 737-300,112,10,1738400.00
136485,PG0252,2017-01-27T10:05:00Z,2017-01-27T10:07:00Z,0 years 0 mons 0 days 1 hours 40 mins 0.00 secs,Anapa,Moscow,1219.0595327625406,Boeing 737-300,97,9,1520000.00
136486,PG0252,2017-02-02T10:05:00Z,2017-02-02T10:07:00Z,0 years 0 mons 0 days 1 hours 41 mins 0.00 secs,Anapa,Moscow,1219.0595327625406,Boeing 737-300,99,8,1505400.00
136571,PG0480,2017-01-25T09:25:00Z,2017-01-25T09:28:00Z,0 years 0 mons 0 days 0 hours 50 mins 0.00 secs,Anapa,Belgorod,631.2951316357775,Sukhoi Superjet-100,83,12,752700.00
136586,PG0480,2017-01-10T09:25:00Z,2017-01-10T09:28:00Z,0 years 0 mons 0 days 0 hours 50 mins 0.00 secs,Anapa,Belgorod,631.2951316357775,Sukhoi Superjet-100,84,12,759000.00
136600,PG0480,2017-02-08T09:25:00Z,2017-02-08T09:26:00Z,0 years 0 mons 0 days 0 hours 50 mins 0.00 secs,Anapa,Belgorod,631.2951316357775,Sukhoi Superjet-100,85,12,765300.00
136605,PG0480,2017-02-15T09:25:00Z,2017-02-15T09:28:00Z,0 years 0 mons 0 days 0 hours 51 mins 0.00 secs,Anapa,Belgorod,631.2951316357775,Sukhoi Superjet-100,85,12,765300.00
136609,PG0480,2017-01-08T09:25:00Z,2017-01-08T09:28:00Z,0 years 0 mons 0 days 0 hours 50 mins 0.00 secs,Anapa,Belgorod,631.2951316357775,Sukhoi Superjet-100,71,10,639300.00
136612,PG0480,2017-02-21T09:25:00Z,2017-02-21T09:27:00Z,0 years 0 mons 0 days 0 hours 50 mins 0.00 secs,Anapa,Belgorod,631.2951316357775,Sukhoi Superjet-100,82,12,746400.00
136620,PG0480,2017-02-17T09:25:00Z,2017-02-17T09:30:00Z,0 years 0 mons 0 days 0 hours 49 mins 0.00 secs,Anapa,Belgorod,631.2951316357775,Sukhoi Superjet-100,70,9,613500.00
136630,PG0480,2017-02-25T09:25:00Z,2017-02-25T09:32:00Z,0 years 0 mons 0 days 0 hours 50 mins 0.00 secs,Anapa,Belgorod,631.2951316357775,Sukhoi Superjet-100,82,12,746400.00
136632,PG0480,2017-01-07T09:25:00Z,2017-01-07T12:42:00Z,0 years 0 mons 0 days 0 hours 51 mins 0.00 secs,Anapa,Belgorod,631.2951316357775,Sukhoi Superjet-100,80,11,714300.00
136642,PG0480,2017-01-30T09:25:00Z,2017-01-30T09:28:00Z,0 years 0 mons 0 days 0 hours 49 mins 0.00 secs,Anapa,Belgorod,631.2951316357775,Sukhoi Superjet-100,54,10,531000.00
136645,PG0480,2017-01-05T09:25:00Z,2017-01-05T09:29:00Z,0 years 0 mons 0 days 0 hours 51 mins 0.00 secs,Anapa,Belgorod,631.2951316357775,Sukhoi Superjet-100,73,9,633000.00
136649,PG0480,2017-01-18T09:25:00Z,2017-01-18T09:25:00Z,0 years 0 mons 0 days 0 hours 50 mins 0.00 secs,Anapa,Belgorod,631.2951316357775,Sukhoi Superjet-100,84,12,759000.00
136654,PG0480,2017-01-19T09:25:00Z,2017-01-19T09:28:00Z,0 years 0 mons 0 days 0 hours 49 mins 0.00 secs,Anapa,Belgorod,631.2951316357775,Sukhoi Superjet-100,84,12,759000.00
136660,PG0480,2017-02-20T09:25:00Z,2017-02-20T09:26:00Z,0 years 0 mons 0 days 0 hours 49 mins 0.00 secs,Anapa,Belgorod,631.2951316357775,Sukhoi Superjet-100,77,10,677100.00
136661,PG0480,2017-01-01T09:25:00Z,2017-01-01T09:27:00Z,0 years 0 mons 0 days 0 hours 50 mins 0.00 secs,Anapa,Belgorod,631.2951316357775,Sukhoi Superjet-100,84,12,759000.00
136666,PG0480,2017-02-09T09:25:00Z,2017-02-09T09:26:00Z,0 years 0 mons 0 days 0 hours 50 mins 0.00 secs,Anapa,Belgorod,631.2951316357775,Sukhoi Superjet-100,78,9,664500.00
136669,PG0480,2017-01-17T09:25:00Z,2017-01-17T09:26:00Z,0 years 0 mons 0 days 0 hours 51 mins 0.00 secs,Anapa,Belgorod,631.2951316357775,Sukhoi Superjet-100,83,12,752700.00
136672,PG0480,2017-02-03T09:25:00Z,2017-02-03T09:28:00Z,0 years 0 mons 0 days 0 hours 50 mins 0.00 secs,Anapa,Belgorod,631.2951316357775,Sukhoi Superjet-100,84,12,759000.00
136678,PG0480,2017-01-28T09:25:00Z,2017-01-28T09:27:00Z,0 years 0 mons 0 days 0 hours 50 mins 0.00 secs,Anapa,Belgorod,631.2951316357775,Sukhoi Superjet-100,70,10,631200.00
136706,PG0480,2017-01-06T09:25:00Z,2017-01-06T09:30:00Z,0 years 0 mons 0 days 0 hours 50 mins 0.00 secs,Anapa,Belgorod,631.2951316357775,Sukhoi Superjet-100,84,11,740100.00
136709,PG0480,2017-01-15T09:25:00Z,2017-01-15T09:28:00Z,0 years 0 mons 0 days 0 hours 50 mins 0.00 secs,Anapa,Belgorod,631.2951316357775,Sukhoi Superjet-100,76,11,689700.00
136720,PG0480,2017-01-26T09:25:00Z,2017-01-26T09:29:00Z,0 years 0 mons 0 days 0 hours 50 mins 0.00 secs,Anapa,Belgorod,631.2951316357775,Sukhoi Superjet-100,83,12,752700.00
136729,PG0480,2017-01-29T09:25:00Z,2017-01-29T09:29:00Z,0 years 0 mons 0 days 0 hours 50 mins 0.00 secs,Anapa,Belgorod,631.2951316357775,Sukhoi Superjet-100,77,11,695400.00
136733,PG0480,2017-01-09T09:25:00Z,2017-01-09T09:27:00Z,0 years 0 mons 0 days 0 hours 51 mins 0.00 secs,Anapa,Belgorod,631.2951316357775,Sukhoi Superjet-100,82,12,746400.00
136754,PG0480,2017-02-06T09:25:00Z,2017-02-06T09:29:00Z,0 years 0 mons 0 days 0 hours 49 mins 0.00 secs,Anapa,Belgorod,631.2951316357775,Sukhoi Superjet-100,78,12,721200.00
136755,PG0480,2017-01-21T09:25:00Z,2017-01-21T09:30:00Z,0 years 0 mons 0 days 0 hours 50 mins 0.00 secs,Anapa,Belgorod,631.2951316357775,Sukhoi Superjet-100,85,12,765300.00
136757,PG0480,2017-01-27T09:25:00Z,2017-01-27T09:30:00Z,0 years 0 mons 0 days 0 hours 49 mins 0.00 secs,Anapa,Belgorod,631.2951316357775,Sukhoi Superjet-100,85,12,765300.00
136758,PG0480,2017-01-12T09:25:00Z,2017-01-12T09:26:00Z,0 years 0 mons 0 days 0 hours 49 mins 0.00 secs,Anapa,Belgorod,631.2951316357775,Sukhoi Superjet-100,85,12,765300.00
136767,PG0480,2017-01-23T09:25:00Z,2017-01-23T09:27:00Z,0 years 0 mons 0 days 0 hours 51 mins 0.00 secs,Anapa,Belgorod,631.2951316357775,Sukhoi Superjet-100,73,10,651300.00
136769,PG0480,2017-02-10T09:25:00Z,2017-02-10T09:30:00Z,0 years 0 mons 0 days 0 hours 51 mins 0.00 secs,Anapa,Belgorod,631.2951316357775,Sukhoi Superjet-100,77,11,696000.00
136778,PG0480,2017-02-22T09:25:00Z,2017-02-22T09:26:00Z,0 years 0 mons 0 days 0 hours 50 mins 0.00 secs,Anapa,Belgorod,631.2951316357775,Sukhoi Superjet-100,84,12,759000.00
136780,PG0480,2017-02-24T09:25:00Z,2017-02-24T09:30:00Z,0 years 0 mons 0 days 0 hours 50 mins 0.00 secs,Anapa,Belgorod,631.2951316357775,Sukhoi Superjet-100,77,12,714900.00
136781,PG0480,2017-01-14T09:25:00Z,2017-01-14T09:26:00Z,0 years 0 mons 0 days 0 hours 50 mins 0.00 secs,Anapa,Belgorod,631.2951316357775,Sukhoi Superjet-100,85,12,765300.00
136802,PG0480,2017-02-26T09:25:00Z,2017-02-26T09:32:00Z,0 years 0 mons 0 days 0 hours 50 mins 0.00 secs,Anapa,Belgorod,631.2951316357775,Sukhoi Superjet-100,85,11,746400.00
136807,PG0480,2017-02-23T09:25:00Z,2017-02-23T09:28:00Z,0 years 0 mons 0 days 0 hours 50 mins 0.00 secs,Anapa,Belgorod,631.2951316357775,Sukhoi Superjet-100,60,8,531000.00
136815,PG0480,2017-02-19T09:25:00Z,2017-02-19T09:26:00Z,0 years 0 mons 0 days 0 hours 51 mins 0.00 secs,Anapa,Belgorod,631.2951316357775,Sukhoi Superjet-100,85,12,765300.00
136819,PG0480,2017-01-04T09:25:00Z,2017-01-04T09:29:00Z,0 years 0 mons 0 days 0 hours 50 mins 0.00 secs,Anapa,Belgorod,631.2951316357775,Sukhoi Superjet-100,84,12,759000.00
136823,PG0480,2017-02-05T09:25:00Z,2017-02-05T09:27:00Z,0 years 0 mons 0 days 0 hours 51 mins 0.00 secs,Anapa,Belgorod,631.2951316357775,Sukhoi Superjet-100,68,10,620400.00
136827,PG0480,2017-02-18T09:25:00Z,2017-02-18T09:26:00Z,0 years 0 mons 0 days 0 hours 51 mins 0.00 secs,Anapa,Belgorod,631.2951316357775,Sukhoi Superjet-100,85,12,765300.00
136838,PG0480,2017-01-24T09:25:00Z,2017-01-24T09:30:00Z,0 years 0 mons 0 days 0 hours 51 mins 0.00 secs,Anapa,Belgorod,631.2951316357775,Sukhoi Superjet-100,76,10,670200.00
136841,PG0480,2017-02-07T09:25:00Z,2017-02-07T09:25:00Z,0 years 0 mons 0 days 0 hours 51 mins 0.00 secs,Anapa,Belgorod,631.2951316357775,Sukhoi Superjet-100,85,12,765300.00
136844,PG0480,2017-02-28T09:25:00Z,2017-02-28T09:26:00Z,0 years 0 mons 0 days 0 hours 50 mins 0.00 secs,Anapa,Belgorod,631.2951316357775,Sukhoi Superjet-100,73,6,575100.00
136855,PG0480,2017-01-11T09:25:00Z,2017-01-11T12:07:00Z,0 years 0 mons 0 days 0 hours 50 mins 0.00 secs,Anapa,Belgorod,631.2951316357775,Sukhoi Superjet-100,75,12,702300.00
136857,PG0480,2017-02-13T09:25:00Z,2017-02-13T09:31:00Z,0 years 0 mons 0 days 0 hours 50 mins 0.00 secs,Anapa,Belgorod,631.2951316357775,Sukhoi Superjet-100,85,12,765300.00
136861,PG0480,2017-02-12T09:25:00Z,2017-02-12T09:28:00Z,0 years 0 mons 0 days 0 hours 49 mins 0.00 secs,Anapa,Belgorod,631.2951316357775,Sukhoi Superjet-100,76,11,689100.00
136869,PG0480,2017-01-31T09:25:00Z,2017-01-31T09:26:00Z,0 years 0 mons 0 days 0 hours 50 mins 0.00 secs,Anapa,Belgorod,631.2951316357775,Sukhoi Superjet-100,85,12,765300.00
136871,PG0480,2017-01-13T09:25:00Z,2017-01-13T09:28:00Z,0 years 0 mons 0 days 0 hours 50 mins 0.00 secs,Anapa,Belgorod,631.2951316357775,Sukhoi Superjet-100,85,12,765300.00
136875,PG0480,2017-02-16T09:25:00Z,2017-02-16T09:29:00Z,0 years 0 mons 0 days 0 hours 50 mins 0.00 secs,Anapa,Belgorod,631.2951316357775,Sukhoi Superjet-100,85,12,765300.00
136887,PG0480,2017-01-20T09:25:00Z,2017-01-20T09:30:00Z,0 years 0 mons 0 days 0 hours 49 mins 0.00 secs,Anapa,Belgorod,631.2951316357775,Sukhoi Superjet-100,70,8,595200.00
136888,PG0480,2017-02-14T09:25:00Z,2017-02-14T09:29:00Z,0 years 0 mons 0 days 0 hours 50 mins 0.00 secs,Anapa,Belgorod,631.2951316357775,Sukhoi Superjet-100,69,10,626100.00
136900,PG0480,2017-02-01T09:25:00Z,2017-02-01T09:30:00Z,0 years 0 mons 0 days 0 hours 51 mins 0.00 secs,Anapa,Belgorod,631.2951316357775,Sukhoi Superjet-100,85,12,765300.00
136907,PG0480,2017-01-16T09:25:00Z,2017-01-16T09:31:00Z,0 years 0 mons 0 days 0 hours 51 mins 0.00 secs,Anapa,Belgorod,631.2951316357775,Sukhoi Superjet-100,84,12,759000.00
136922,PG0480,2017-02-11T09:25:00Z,2017-02-11T09:27:00Z,0 years 0 mons 0 days 0 hours 50 mins 0.00 secs,Anapa,Belgorod,631.2951316357775,Sukhoi Superjet-100,66,10,607800.00
136927,PG0480,2017-01-22T09:25:00Z,2017-01-22T09:28:00Z,0 years 0 mons 0 days 0 hours 51 mins 0.00 secs,Anapa,Belgorod,631.2951316357775,Sukhoi Superjet-100,85,12,765300.00
136936,PG0480,2017-01-02T09:25:00Z,2017-01-02T09:28:00Z,0 years 0 mons 0 days 0 hours 50 mins 0.00 secs,Anapa,Belgorod,631.2951316357775,Sukhoi Superjet-100,73,9,632400.00
136937,PG0480,2017-01-03T09:25:00Z,2017-01-03T09:29:00Z,0 years 0 mons 0 days 0 hours 50 mins 0.00 secs,Anapa,Belgorod,631.2951316357775,Sukhoi Superjet-100,72,9,626100.00
136951,PG0480,2017-02-02T09:25:00Z,2017-02-02T09:28:00Z,0 years 0 mons 0 days 0 hours 49 mins 0.00 secs,Anapa,Belgorod,631.2951316357775,Sukhoi Superjet-100,78,12,720600.00
136953,PG0480,2017-02-27T09:25:00Z,2017-02-27T09:27:00Z,0 years 0 mons 0 days 0 hours 50 mins 0.00 secs,Anapa,Belgorod,631.2951316357775,Sukhoi Superjet-100,85,12,765300.00
136956,PG0480,2017-02-04T09:25:00Z,2017-02-04T09:33:00Z,0 years 0 mons 0 days 0 hours 50 mins 0.00 secs,Anapa,Belgorod,631.2951316357775,Sukhoi Superjet-100,85,11,746400.00
202538,PG0481,2017-02-23T10:00:00Z,2017-02-23T10:01:00Z,0 years 0 mons 0 days 0 hours 50 mins 0.00 secs,Belgorod,Anapa,630.9998879030339,Sukhoi Superjet-100,84,12,759000.00
202542,PG0481,2017-02-01T10:00:00Z,2017-02-01T10:05:00Z,0 years 0 mons 0 days 0 hours 49 mins 0.00 secs,Belgorod,Anapa,630.9998879030339,Sukhoi Superjet-100,84,12,758400.00
202543,PG0481,2017-02-06T10:00:00Z,2017-02-06T10:03:00Z,0 years 0 mons 0 days 0 hours 50 mins 0.00 secs,Belgorod,Anapa,630.9998879030339,Sukhoi Superjet-100,79,12,727500.00
202545,PG0481,2017-02-26T10:00:00Z,2017-02-26T10:05:00Z,0 years 0 mons 0 days 0 hours 50 mins 0.00 secs,Belgorod,Anapa,630.9998879030339,Sukhoi Superjet-100,82,12,746400.00
202546,PG0481,2017-02-20T10:00:00Z,2017-02-20T10:02:00Z,0 years 0 mons 0 days 0 hours 51 mins 0.00 secs,Belgorod,Anapa,630.9998879030339,Sukhoi Superjet-100,73,11,670200.00
202551,PG0481,2017-02-27T10:00:00Z,2017-02-27T10:02:00Z,0 years 0 mons 0 days 0 hours 51 mins 0.00 secs,Belgorod,Anapa,630.9998879030339,Sukhoi Superjet-100,83,12,752700.00
202552,PG0481,2017-02-09T10:00:00Z,2017-02-09T10:04:00Z,0 years 0 mons 0 days 0 hours 49 mins 0.00 secs,Belgorod,Anapa,630.9998879030339,Sukhoi Superjet-100,82,11,726900.00
202558,PG0481,2017-01-12T10:00:00Z,2017-01-12T10:03:00Z,0 years 0 mons 0 days 0 hours 50 mins 0.00 secs,Belgorod,Anapa,630.9998879030339,Sukhoi Superjet-100,84,10,721200.00
202565,PG0481,2017-01-29T10:00:00Z,2017-01-29T10:02:00Z,0 years 0 mons 0 days 0 hours 51 mins 0.00 secs,Belgorod,Anapa,630.9998879030339,Sukhoi Superjet-100,81,11,720600.00
202569,PG0481,2017-01-28T10:00:00Z,2017-01-28T10:01:00Z,0 years 0 mons 0 days 0 hours 50 mins 0.00 secs,Belgorod,Anapa,630.9998879030339,Sukhoi Superjet-100,81,12,740100.00
202593,PG0481,2017-01-03T10:00:00Z,2017-01-03T10:01:00Z,0 years 0 mons 0 days 0 hours 50 mins 0.00 secs,Belgorod,Anapa,630.9998879030339,Sukhoi Superjet-100,82,12,746400.00
202596,PG0481,2017-02-02T10:00:00Z,2017-02-02T10:00:00Z,0 years 0 mons 0 days 0 hours 49 mins 0.00 secs,Belgorod,Anapa,630.9998879030339,Sukhoi Superjet-100,75,10,663900.00
202601,PG0481,2017-02-22T10:00:00Z,2017-02-22T10:01:00Z,0 years 0 mons 0 days 0 hours 51 mins 0.00 secs,Belgorod,Anapa,630.9998879030339,Sukhoi Superjet-100,80,12,733200.00
202606,PG0481,2017-01-17T10:00:00Z,2017-01-17T10:00:00Z,0 years 0 mons 0 days 0 hours 49 mins 0.00 secs,Belgorod,Anapa,630.9998879030339,Sukhoi Superjet-100,82,11,727500.00
202618,PG0481,2017-02-16T10:00:00Z,2017-02-16T10:02:00Z,0 years 0 mons 0 days 0 hours 50 mins 0.00 secs,Belgorod,Anapa,630.9998879030339,Sukhoi Superjet-100,85,12,765300.00
202627,PG0481,2017-02-14T10:00:00Z,2017-02-14T10:05:00Z,0 years 0 mons 0 days 0 hours 51 mins 0.00 secs,Belgorod,Anapa,630.9998879030339,Sukhoi Superjet-100,83,12,752700.00
202628,PG0481,2017-02-04T10:00:00Z,2017-02-04T10:03:00Z,0 years 0 mons 0 days 0 hours 49 mins 0.00 secs,Belgorod,Anapa,630.9998879030339,Sukhoi Superjet-100,85,10,727500.00
202629,PG0481,2017-02-12T10:00:00Z,2017-02-12T10:02:00Z,0 years 0 mons 0 days 0 hours 50 mins 0.00 secs,Belgorod,Anapa,630.9998879030339,Sukhoi Superjet-100,82,12,746400.00
202637,PG0481,2017-01-11T10:00:00Z,2017-01-11T10:00:00Z,0 years 0 mons 0 days 0 hours 51 mins 0.00 secs,Belgorod,Anapa,630.9998879030339,Sukhoi Superjet-100,82,12,746400.00
202640,PG0481,2017-01-08T10:00:00Z,2017-01-08T10:06:00Z,0 years 0 mons 0 days 0 hours 49 mins 0.00 secs,Belgorod,Anapa,630.9998879030339,Sukhoi Superjet-100,74,11,676500.00
202649,PG0481,2017-01-30T10:00:00Z,2017-01-30T10:02:00Z,0 years 0 mons 0 days 0 hours 49 mins 0.00 secs,Belgorod,Anapa,630.9998879030339,Sukhoi Superjet-100,81,12,740100.00
202666,PG0481,2017-01-27T10:00:00Z,2017-01-27T10:03:00Z,0 years 0 mons 0 days 0 hours 51 mins 0.00 secs,Belgorod,Anapa,630.9998879030339,Sukhoi Superjet-100,76,10,670800.00
202668,PG0481,2017-02-10T10:00:00Z,2017-02-10T10:05:00Z,0 years 0 mons 0 days 0 hours 50 mins 0.00 secs,Belgorod,Anapa,630.9998879030339,Sukhoi Superjet-100,78,10,683400.00
202679,PG0481,2017-02-28T10:00:00Z,2017-02-28T10:02:00Z,0 years 0 mons 0 days 0 hours 51 mins 0.00 secs,Belgorod,Anapa,630.9998879030339,Sukhoi Superjet-100,81,10,702300.00
202682,PG0481,2017-02-05T10:00:00Z,2017-02-05T10:03:00Z,0 years 0 mons 0 days 0 hours 50 mins 0.00 secs,Belgorod,Anapa,630.9998879030339,Sukhoi Superjet-100,76,11,689700.00
202687,PG0481,2017-01-18T10:00:00Z,2017-01-18T10:04:00Z,0 years 0 mons 0 days 0 hours 51 mins 0.00 secs,Belgorod,Anapa,630.9998879030339,Sukhoi Superjet-100,81,12,740100.00
202692,PG0481,2017-01-04T10:00:00Z,2017-01-04T10:04:00Z,0 years 0 mons 0 days 0 hours 50 mins 0.00 secs,Belgorod,Anapa,630.9998879030339,Sukhoi Superjet-100,83,11,733800.00
202695,PG0481,2017-02-17T10:00:00Z,2017-02-17T10:02:00Z,0 years 0 mons 0 days 0 hours 51 mins 0.00 secs,Belgorod,Anapa,630.9998879030339,Sukhoi Superjet-100,80,12,733800.00
202701,PG0481,2017-01-23T10:00:00Z,2017-01-23T10:03:00Z,0 years 0 mons 0 days 0 hours 49 mins 0.00 secs,Belgorod,Anapa,630.9998879030339,Sukhoi Superjet-100,84,12,759000.00
202707,PG0481,2017-02-03T10:00:00Z,2017-02-03T10:03:00Z,0 years 0 mons 0 days 0 hours 50 mins 0.00 secs,Belgorod,Anapa,630.9998879030339,Sukhoi Superjet-100,81,12,740100.00
202711,PG0481,2017-02-25T10:00:00Z,2017-02-25T10:07:00Z,0 years 0 mons 0 days 0 hours 50 mins 0.00 secs,Belgorod,Anapa,630.9998879030339,Sukhoi Superjet-100,80,11,714300.00
202731,PG0481,2017-02-21T10:00:00Z,2017-02-21T10:03:00Z,0 years 0 mons 0 days 0 hours 50 mins 0.00 secs,Belgorod,Anapa,630.9998879030339,Sukhoi Superjet-100,79,12,727500.00
202740,PG0481,2017-01-01T10:00:00Z,2017-01-01T10:03:00Z,0 years 0 mons 0 days 0 hours 49 mins 0.00 secs,Belgorod,Anapa,630.9998879030339,Sukhoi Superjet-100,84,12,759000.00
202743,PG0481,2017-01-05T10:00:00Z,2017-01-05T10:03:00Z,0 years 0 mons 0 days 0 hours 50 mins 0.00 secs,Belgorod,Anapa,630.9998879030339,Sukhoi Superjet-100,78,12,721200.00
202751,PG0481,2017-01-06T10:00:00Z,2017-01-06T10:03:00Z,0 years 0 mons 0 days 0 hours 51 mins 0.00 secs,Belgorod,Anapa,630.9998879030339,Sukhoi Superjet-100,76,12,708600.00
202754,PG0481,2017-01-14T10:00:00Z,2017-01-14T10:01:00Z,0 years 0 mons 0 days 0 hours 51 mins 0.00 secs,Belgorod,Anapa,630.9998879030339,Sukhoi Superjet-100,84,12,759000.00
202763,PG0481,2017-02-19T10:00:00Z,2017-02-19T10:02:00Z,0 years 0 mons 0 days 0 hours 50 mins 0.00 secs,Belgorod,Anapa,630.9998879030339,Sukhoi Superjet-100,77,10,675900.00
202777,PG0481,2017-02-08T10:00:00Z,2017-02-08T10:05:00Z,0 years 0 mons 0 days 0 hours 50 mins 0.00 secs,Belgorod,Anapa,630.9998879030339,Sukhoi Superjet-100,76,10,670800.00
202781,PG0481,2017-02-15T10:00:00Z,2017-02-15T10:01:00Z,0 years 0 mons 0 days 0 hours 50 mins 0.00 secs,Belgorod,Anapa,630.9998879030339,Sukhoi Superjet-100,85,12,765300.00
202797,PG0481,2017-01-10T10:00:00Z,2017-01-10T10:07:00Z,0 years 0 mons 0 days 0 hours 51 mins 0.00 secs,Belgorod,Anapa,630.9998879030339,Sukhoi Superjet-100,83,11,733800.00
202805,PG0481,2017-01-15T10:00:00Z,2017-01-15T10:03:00Z,0 years 0 mons 0 days 0 hours 50 mins 0.00 secs,Belgorod,Anapa,630.9998879030339,Sukhoi Superjet-100,82,12,745800.00
202810,PG0481,2017-02-07T10:00:00Z,2017-02-07T10:01:00Z,0 years 0 mons 0 days 0 hours 50 mins 0.00 secs,Belgorod,Anapa,630.9998879030339,Sukhoi Superjet-100,79,11,708600.00
202811,PG0481,2017-02-11T10:00:00Z,2017-02-11T10:03:00Z,0 years 0 mons 0 days 0 hours 50 mins 0.00 secs,Belgorod,Anapa,630.9998879030339,Sukhoi Superjet-100,79,12,727500.00
202812,PG0481,2017-01-09T10:00:00Z,2017-01-09T10:04:00Z,0 years 0 mons 0 days 0 hours 50 mins 0.00 secs,Belgorod,Anapa,630.9998879030339,Sukhoi Superjet-100,83,12,752700.00
202815,PG0481,2017-01-24T10:00:00Z,2017-01-24T10:03:00Z,0 years 0 mons 0 days 0 hours 50 mins 0.00 secs,Belgorod,Anapa,630.9998879030339,Sukhoi Superjet-100,84,12,759000.00
202846,PG0481,2017-02-24T10:00:00Z,2017-02-24T10:05:00Z,0 years 0 mons 0 days 0 hours 51 mins 0.00 secs,Belgorod,Anapa,630.9998879030339,Sukhoi Superjet-100,80,11,714900.00
202859,PG0481,2017-01-21T10:00:00Z,2017-01-21T10:00:00Z,0 years 0 mons 0 days 0 hours 50 mins 0.00 secs,Belgorod,Anapa,630.9998879030339,Sukhoi Superjet-100,85,12,765300.00
202863,PG0481,2017-01-13T10:00:00Z,2017-01-13T10:02:00Z,0 years 0 mons 0 days 0 hours 50 mins 0.00 secs,Belgorod,Anapa,630.9998879030339,Sukhoi Superjet-100,78,12,721200.00
202870,PG0481,2017-01-26T10:00:00Z,2017-01-26T10:01:00Z,0 years 0 mons 0 days 0 hours 49 mins 0.00 secs,Belgorod,Anapa,630.9998879030339,Sukhoi Superjet-100,79,12,726900.00
202875,PG0481,2017-02-13T10:00:00Z,2017-02-13T10:06:00Z,0 years 0 mons 0 days 0 hours 49 mins 0.00 secs,Belgorod,Anapa,630.9998879030339,Sukhoi Superjet-100,81,11,721200.00
202876,PG0481,2017-01-02T10:00:00Z,2017-01-02T10:03:00Z,0 years 0 mons 0 days 0 hours 51 mins 0.00 secs,Belgorod,Anapa,630.9998879030339,Sukhoi Superjet-100,84,12,759000.00
202878,PG0481,2017-02-18T10:00:00Z,2017-02-18T10:02:00Z,0 years 0 mons 0 days 0 hours 50 mins 0.00 secs,Belgorod,Anapa,630.9998879030339,Sukhoi Superjet-100,81,10,702300.00
202879,PG0481,2017-01-07T10:00:00Z,2017-01-07T10:05:00Z,0 years 0 mons 0 days 0 hours 50 mins 0.00 secs,Belgorod,Anapa,630.9998879030339,Sukhoi Superjet-100,82,12,746400.00
202889,PG0481,2017-01-25T10:00:00Z,2017-01-25T10:04:00Z,0 years 0 mons 0 days 0 hours 50 mins 0.00 secs,Belgorod,Anapa,630.9998879030339,Sukhoi Superjet-100,76,12,708600.00
202891,PG0481,2017-01-31T10:00:00Z,2017-01-31T10:03:00Z,0 years 0 mons 0 days 0 hours 50 mins 0.00 secs,Belgorod,Anapa,630.9998879030339,Sukhoi Superjet-100,81,11,721200.00
202898,PG0481,2017-01-16T10:00:00Z,2017-01-16T10:02:00Z,0 years 0 mons 0 days 0 hours 49 mins 0.00 secs,Belgorod,Anapa,630.9998879030339,Sukhoi Superjet-100,77,8,639300.00
202911,PG0481,2017-01-19T10:00:00Z,2017-01-19T10:02:00Z,0 years 0 mons 0 days 0 hours 50 mins 0.00 secs,Belgorod,Anapa,630.9998879030339,Sukhoi Superjet-100,81,12,739500.00
202913,PG0481,2017-01-22T10:00:00Z,2017-01-22T13:23:00Z,0 years 0 mons 0 days 0 hours 50 mins 0.00 secs,Belgorod,Anapa,630.9998879030339,Sukhoi Superjet-100,80,12,733800.00
202916,PG0481,2017-01-20T10:00:00Z,2017-01-20T10:01:00Z,0 years 0 mons 0 days 0 hours 49 mins 0.00 secs,Belgorod,Anapa,630.9998879030339,Sukhoi Superjet-100,82,12,746400.00
